,City,Lat,Lng,Max Temp,Humidity,Cloudiness,Wind Speed,Country,Current Description
0,Atuona,-9.8,-139.0333,78.04,75,51,15.79,PF,broken clouds
1,Jamestown,42.097,-79.2353,76.59,50,40,15.99,US,scattered clouds
2,Provideniya,64.3833,-173.3,42.67,80,99,10.54,RU,light rain
3,Klaksvik,62.2266,-6.589,50.92,80,89,6.44,FO,overcast clouds
4,Hermanus,-34.4187,19.2345,57.9,87,99,8.3,ZA,overcast clouds
5,Kiunga,-6.1219,141.2906,72.81,100,100,0.65,PG,overcast clouds
6,Santa Cruz Del Norte,23.1539,-81.9236,90.21,62,7,14.79,CU,clear sky
7,Bluff,-46.6,168.3333,50.81,69,100,21.85,NZ,light rain
8,Punta Arenas,-53.15,-70.9167,50.11,32,0,12.66,CL,clear sky
9,Udachnyy,66.4167,112.4,44.06,75,99,3.91,RU,overcast clouds
10,Tuktoyaktuk,69.4541,-133.0374,48.2,76,75,10.36,CA,broken clouds
11,Busselton,-33.65,115.3333,40.08,86,5,7.56,AU,clear sky
12,El Tigre,8.8875,-64.2454,92.03,35,54,10.25,VE,broken clouds
13,Puerto Ayora,-0.7393,-90.3518,76.96,85,99,8.01,EC,overcast clouds
14,Ostrovnoy,68.0531,39.5131,40.73,81,97,13.85,RU,overcast clouds
15,Manggar,-2.8833,108.2667,81.0,81,100,8.77,ID,light rain
16,Yagodnoye,62.55,149.6667,27.28,76,25,1.83,RU,scattered clouds
17,Bayan,46.0833,127.4,45.72,96,5,5.91,CN,clear sky
18,Clyde River,70.4692,-68.5914,33.19,82,100,18.81,CA,light snow
19,Port Alfred,-33.5906,26.891,71.74,72,19,12.24,ZA,few clouds
20,Avarua,-21.2078,-159.775,77.05,83,20,12.66,CK,few clouds
21,Aklavik,68.2191,-135.0107,49.03,81,75,8.05,CA,broken clouds
22,Chuy,-33.6971,-53.4616,60.6,81,62,5.91,UY,broken clouds
23,Mankato,44.1636,-93.9994,84.96,65,1,0.0,US,clear sky
24,Vaini,-21.2,-175.2,73.56,88,75,6.91,TO,light rain
25,Ancud,-41.8697,-73.8203,52.43,91,100,20.54,CL,light rain
26,Mussomeli,37.5778,13.7513,65.19,87,1,8.25,IT,clear sky
27,Qaanaaq,77.484,-69.3632,23.32,70,11,6.91,GL,few clouds
28,Butaritari,3.0707,172.7902,82.94,76,17,19.48,KI,light rain
29,Huaicheng,23.9051,112.1931,79.99,79,2,1.5,CN,light rain
30,Rikitea,-23.1203,-134.9692,73.81,70,47,12.12,PF,scattered clouds
31,Zhangye,38.9342,100.4517,70.83,31,52,6.06,CN,broken clouds
32,Barrow,71.2906,-156.7887,35.62,100,90,5.75,US,fog
33,Balykshi,47.0667,51.8667,60.8,31,0,15.66,KZ,clear sky
34,Los Llanos De Aridane,28.6585,-17.9182,73.15,78,75,6.91,ES,broken clouds
35,Cherskiy,68.75,161.3,25.12,79,100,1.28,RU,overcast clouds
36,Kichera,55.9375,110.0997,48.61,96,100,2.42,RU,overcast clouds
37,Albany,42.6001,-73.9662,77.14,49,23,7.94,US,few clouds
38,Severo-Kurilsk,50.6789,156.125,47.01,78,100,10.42,RU,overcast clouds
39,Bengkulu,-3.8004,102.2655,75.2,93,99,5.75,ID,overcast clouds
40,Englehart,47.8169,-79.8664,63.16,94,90,19.57,CA,moderate rain
41,Vila,42.0304,-8.1588,63.7,72,51,2.39,PT,broken clouds
42,Paamiut,61.994,-49.6678,45.45,94,100,8.7,GL,moderate rain
43,Poum,-20.2333,164.0167,69.22,68,0,8.7,NC,clear sky
44,Sinnamary,5.3833,-52.95,84.42,66,7,12.88,GF,clear sky
45,Resistencia,-27.4606,-58.9839,81.09,35,0,9.22,AR,light rain
46,Ballina,-28.8667,153.5667,62.78,82,0,11.5,AU,clear sky
47,New Norfolk,-42.7826,147.0587,42.3,82,10,1.99,AU,light rain
48,Ushuaia,-54.8,-68.3,44.26,45,75,12.66,AR,broken clouds
49,Swellendam,-34.0226,20.4417,52.18,90,11,5.7,ZA,few clouds
50,Khatanga,71.9667,102.5,42.01,68,12,9.28,RU,few clouds
51,Tanete,-3.9443,119.7848,74.64,96,100,3.27,ID,moderate rain
52,Chokwe,-24.5333,32.9833,67.37,65,0,8.28,MZ,clear sky
53,Mahebourg,-20.4081,57.7,71.89,78,40,12.66,MU,scattered clouds
54,Port Blair,11.6667,92.75,81.19,84,57,19.22,IN,broken clouds
55,Mildura,-34.2,142.15,53.56,76,90,6.91,AU,overcast clouds
56,Fortuna,40.5982,-124.1573,69.93,67,1,1.01,US,clear sky
57,Mehamn,71.0357,27.8492,42.75,77,100,7.16,NO,overcast clouds
58,Cape Town,-33.9258,18.4232,59.88,86,75,4.0,ZA,broken clouds
59,Vila Velha,-20.3297,-40.2925,80.55,74,0,18.41,BR,clear sky
60,Tasiilaq,65.6145,-37.6368,39.36,58,100,9.37,GL,overcast clouds
61,Hilo,19.7297,-155.09,80.28,69,75,0.0,US,light rain
62,Saint Anthony,45.0205,-93.218,80.26,51,1,1.01,US,clear sky
63,Paita,-5.0892,-81.1144,75.76,67,81,11.86,PE,broken clouds
64,Bosaso,11.2842,49.1816,93.94,42,31,5.55,SO,scattered clouds
65,Fuerte Olimpo,-21.0415,-57.8738,98.64,22,0,7.63,PY,clear sky
66,Norman Wells,65.282,-126.8329,51.84,87,75,4.61,CA,light rain
67,Arraial Do Cabo,-22.9661,-42.0278,73.36,88,75,9.22,BR,light rain
68,Chicama,-7.8447,-79.1469,59.54,61,49,11.01,PE,scattered clouds
69,Luderitz,-26.6481,15.1594,58.21,75,2,12.84,NA,clear sky
70,Saint-Philippe,-21.3585,55.7679,69.39,83,38,14.74,RE,light rain
71,Mongo,12.1844,18.693,69.26,96,100,11.14,TD,very heavy rain
72,Port Keats,-14.25,129.55,75.11,87,6,5.79,AU,clear sky
73,Huicheng,23.0385,116.2899,82.35,78,100,4.61,CN,light rain
74,Tungor,53.3808,142.9564,48.22,73,100,7.96,RU,overcast clouds
75,Pangkalanbuun,-2.6833,111.6167,74.64,98,100,1.25,ID,overcast clouds
76,Hami,42.8,93.45,69.42,29,100,1.36,CN,overcast clouds
77,Fort Nelson,58.8053,-122.7002,58.59,77,40,4.61,CA,scattered clouds
78,Hobart,-42.8794,147.3294,42.66,86,75,3.0,AU,moderate rain
79,Saint-Joseph,-21.3667,55.6167,68.38,79,21,14.47,RE,light rain
80,Huaihua,27.5494,109.9592,74.26,85,10,3.8,CN,light rain
81,Arman,59.7,150.1667,34.03,66,2,8.05,RU,clear sky
82,Kapaa,22.0752,-159.319,81.12,75,75,3.0,US,light rain
83,Buta,2.7858,24.73,69.85,96,100,2.28,CD,overcast clouds
84,Sabang,5.8933,95.3214,81.99,76,100,15.84,ID,light rain
85,Noyabrsk,63.1994,75.4507,46.92,93,100,7.54,RU,light rain
86,Sao Filipe,14.8961,-24.4956,80.13,76,100,5.41,CV,overcast clouds
87,Porto De Moz,-1.7483,-52.2383,88.36,49,100,3.74,BR,overcast clouds
88,Port Elizabeth,-33.918,25.5701,61.09,94,75,13.8,ZA,broken clouds
89,Olafsvik,64.8945,-23.7142,45.45,62,39,12.57,IS,scattered clouds
90,Hamza,40.4264,71.4956,73.35,25,94,6.58,UZ,overcast clouds
91,Portland,45.5234,-122.6762,75.29,53,40,1.99,US,scattered clouds
92,Yellowknife,62.456,-114.3525,48.72,71,90,14.97,CA,overcast clouds
93,East London,-33.0153,27.9116,80.08,44,6,9.08,ZA,clear sky
94,Gravdal,68.1214,13.5031,47.71,70,81,7.45,NO,broken clouds
95,Kununurra,-15.7667,128.7333,64.38,77,5,0.0,AU,clear sky
96,Cabinda,-5.55,12.2,75.11,88,99,7.52,AO,overcast clouds
97,Lerwick,60.1545,-1.1494,51.8,77,100,20.6,GB,overcast clouds
98,Port-Gentil,-0.7193,8.7815,75.16,88,40,5.75,GA,moderate rain
99,Katobu,-4.9408,122.5276,73.85,96,96,4.21,ID,overcast clouds
100,Morbegno,46.1383,9.57,74.68,79,28,3.62,IT,light rain
101,Mataura,-46.1927,168.8643,50.49,87,100,5.12,NZ,light rain
102,Upernavik,72.7868,-56.1549,26.01,49,0,7.43,GL,clear sky
103,Zatyshshya,47.3335,29.8733,66.34,49,56,7.2,UA,broken clouds
104,Lexington,37.9887,-84.4777,80.58,51,75,1.99,US,broken clouds
105,Lata,40.1629,-8.3327,73.04,77,66,2.95,PT,broken clouds
106,Kapit,2.0167,112.9333,73.56,98,100,1.34,MY,overcast clouds
107,Ribeira Grande,38.5167,-28.7,72.0,68,20,12.66,PT,few clouds
108,Victoria,22.2855,114.1577,86.97,88,12,1.01,HK,light rain
109,Garissa,-0.4536,39.6401,76.93,63,70,24.72,KE,broken clouds
110,Bati,11.1833,40.0167,70.36,58,100,6.73,ET,light rain
111,Ariogala,55.2667,23.4667,64.98,69,69,8.43,LT,broken clouds
112,Guisijan,11.0932,122.0461,79.93,75,100,3.18,PH,moderate rain
113,Grindavik,63.8424,-22.4338,51.75,81,40,6.91,IS,scattered clouds
114,Port Augusta,-32.5,137.7667,53.71,86,6,8.12,AU,clear sky
115,Kruisfontein,-34.0033,24.7314,62.47,78,100,5.17,ZA,overcast clouds
116,Hirara,24.8,125.2833,83.32,85,100,34.14,JP,moderate rain
117,Kasama,-10.2129,31.1808,65.82,45,20,9.26,ZM,few clouds
118,Qujing,25.4833,103.7833,60.6,81,27,3.69,CN,scattered clouds
119,Hithadhoo,-0.6,73.0833,82.98,69,100,6.64,MV,overcast clouds
120,Chokurdakh,70.6333,147.9167,35.76,67,100,13.04,RU,overcast clouds
121,Saint-Pierre,-21.3393,55.4781,69.48,77,75,14.97,RE,broken clouds
122,Thompson,55.7435,-97.8558,51.96,62,90,18.41,CA,overcast clouds
123,Mgandu,-5.95,34.1333,68.14,41,11,10.92,TZ,few clouds
124,Haines Junction,60.7522,-137.5108,44.55,81,100,1.14,CA,overcast clouds
125,Beringovskiy,63.05,179.3167,36.73,98,100,23.42,RU,moderate rain
126,Coahuayana,18.7333,-103.6833,96.28,59,32,5.12,MX,scattered clouds
127,Tiksi,71.6872,128.8694,44.1,56,37,9.13,RU,scattered clouds
128,Nenjiang,49.1833,125.2167,44.58,95,0,4.85,CN,clear sky
129,Caohe,30.2297,115.4335,74.64,80,0,3.49,CN,light rain
130,San Pedro,14.35,121.0167,78.03,92,75,3.44,PH,broken clouds
131,Kutum,14.2,24.6667,80.01,55,7,0.43,SD,clear sky
132,Andenes,69.3143,16.1194,44.47,75,100,8.05,NO,overcast clouds
133,Rio Cuarto,-33.1307,-64.3499,76.77,27,93,33.38,AR,overcast clouds
134,Pevek,69.7008,170.3133,29.23,79,100,14.2,RU,overcast clouds
135,San,13.3034,-4.8956,84.36,55,39,5.41,ML,scattered clouds
136,Mar Del Plata,-38.0023,-57.5575,55.42,94,90,11.5,AR,overcast clouds
137,Cabo San Lucas,22.8909,-109.9124,90.7,68,20,1.99,MX,few clouds
138,Kavieng,-2.5744,150.7967,81.52,75,80,6.42,PG,broken clouds
139,Shellbrook,53.2168,-106.4011,61.83,41,59,1.59,CA,broken clouds
140,Yumen,40.2833,97.2,63.91,34,100,12.03,CN,overcast clouds
141,Damaturu,11.747,11.9608,84.27,63,92,7.07,NG,overcast clouds
142,Okha,53.5739,142.9478,49.15,70,100,7.25,RU,overcast clouds
143,Nyurba,63.2842,118.3319,49.33,80,96,4.34,RU,overcast clouds
144,Vysokogornyy,50.1167,139.15,47.03,98,100,3.36,RU,overcast clouds
145,Oudtshoorn,-33.5907,22.2014,52.16,73,41,4.5,ZA,scattered clouds
146,Inuvik,68.3499,-133.7218,49.06,76,90,6.91,CA,overcast clouds
147,Hofn,64.2539,-15.2082,53.92,71,20,5.26,IS,few clouds
148,Dikson,73.5069,80.5464,41.43,88,100,10.94,RU,overcast clouds
149,Padang,-0.9492,100.3543,75.25,86,85,3.18,ID,overcast clouds
150,Tura,25.5198,90.2201,75.72,93,100,2.13,IN,overcast clouds
151,Chapais,49.7834,-74.8492,65.98,51,65,14.65,CA,broken clouds
152,Lebu,-37.6167,-73.65,53.55,91,99,30.94,CL,moderate rain
153,Lompoc,34.6391,-120.4579,87.57,76,1,13.8,US,clear sky
154,Bredasdorp,-34.5322,20.0403,53.28,87,69,3.44,ZA,broken clouds
155,Kensington,-33.9167,151.2167,65.77,44,0,10.36,AU,clear sky
156,Buala,-8.145,159.5921,79.27,82,37,8.19,SB,scattered clouds
157,Saskylakh,71.9167,114.0833,45.5,70,80,7.76,RU,broken clouds
158,Carnarvon,-24.8667,113.6333,59.07,63,0,16.11,AU,clear sky
159,Black River,18.0264,-77.8487,90.99,56,72,15.17,JM,broken clouds
160,Harper,4.375,-7.7169,78.91,86,33,7.96,LR,scattered clouds
161,Geraldton,-28.7667,114.6,43.21,87,0,4.61,AU,clear sky
162,Sitka,57.0531,-135.33,55.29,94,90,6.91,US,light rain
163,Andrews,32.3187,-102.5457,94.95,18,1,10.36,US,clear sky
164,Tucurui,-3.7661,-49.6725,99.7,26,64,6.17,BR,broken clouds
165,Airai,-8.9266,125.4092,57.92,83,100,1.63,TL,overcast clouds
166,Filadelfia,39.9523,-75.1638,81.01,47,75,7.0,US,broken clouds
167,Faya,18.3851,42.4509,69.91,54,74,3.31,SA,broken clouds
168,Grand Gaube,-20.0064,57.6608,72.0,76,100,8.01,MU,overcast clouds
169,Charters Towers,-20.1,146.2667,64.47,80,94,9.53,AU,overcast clouds
170,Tilzapotla,18.4833,-99.2667,80.26,54,56,4.0,MX,broken clouds
171,Ormara,25.2088,64.6357,79.66,88,100,7.18,PK,overcast clouds
172,Kloulklubed,7.0419,134.2556,81.99,72,100,4.32,PW,light rain
173,Flinders,-34.5833,150.8552,64.2,46,0,12.46,AU,clear sky
174,Carballo,43.213,-8.691,69.49,86,92,0.04,ES,overcast clouds
175,Jiayuguan,39.8167,98.3,65.19,32,100,4.5,CN,overcast clouds
176,Ponta Do Sol,32.6667,-17.1,79.0,80,7,7.29,PT,clear sky
177,Tommot,58.9564,126.2925,42.4,91,5,2.33,RU,clear sky
178,Qaqortoq,60.7167,-46.0333,52.3,80,100,19.06,GL,moderate rain
179,Tres Arroyos,-38.3739,-60.2798,64.67,64,100,16.31,AR,overcast clouds
180,Bathsheba,13.2167,-59.5167,88.41,79,40,13.8,BB,scattered clouds
181,Leningradskiy,69.3833,178.4167,28.47,92,100,18.88,RU,light snow
182,Manjacaze,-24.7117,33.8828,63.55,76,0,7.02,MZ,clear sky
183,Port Hardy,50.6996,-127.4199,59.18,82,75,4.61,CA,light rain
184,Tuatapere,-46.1333,167.6833,50.83,84,100,11.03,NZ,overcast clouds
185,Constitucion,-35.3333,-72.4167,54.36,92,100,28.95,CL,light rain
186,Kieta,-6.2167,155.6333,78.39,83,100,6.89,PG,light rain
187,Yar-Sale,66.8333,70.8333,43.02,77,100,10.49,RU,overcast clouds
188,Savalou,7.9281,1.9756,75.15,90,100,1.25,BJ,overcast clouds
189,Rodrigues Alves,-7.738,-72.6509,86.49,58,64,2.8,BR,broken clouds
190,Kargil,34.5667,76.1,51.87,66,29,8.57,IN,scattered clouds
191,Balakhta,55.38,91.6,46.62,83,94,5.06,RU,overcast clouds
192,Lasa,46.6166,10.7002,67.08,86,79,1.52,IT,broken clouds
193,Acari,-15.4311,-74.6158,73.83,55,59,9.44,PE,broken clouds
194,Torbay,47.6666,-52.7314,68.27,74,20,27.63,CA,few clouds
195,Mount Isa,-20.7333,139.5,60.57,55,47,0.0,AU,scattered clouds
196,Moindou,-21.6924,165.677,58.95,72,2,4.23,NC,clear sky
197,Olinda,-8.0089,-34.8553,78.53,65,90,10.36,BR,overcast clouds
198,Labrea,-7.2586,-64.7981,91.42,44,100,1.72,BR,overcast clouds
199,Bambous Virieux,-20.3428,57.7575,71.85,78,40,12.66,MU,scattered clouds
200,Nizhniy Odes,63.6445,54.856,38.48,97,70,5.46,RU,broken clouds
201,Yeppoon,-23.1333,150.7333,62.38,72,76,4.97,AU,broken clouds
202,Avera,33.194,-82.5271,87.67,31,0,5.28,US,clear sky
203,Salalah,17.0151,54.0924,80.69,94,75,2.3,OM,broken clouds
204,Redmond,47.674,-122.1215,72.34,65,100,1.99,US,overcast clouds
205,Peruibe,-24.32,-46.9983,73.29,68,100,3.27,BR,light rain
206,Yuncheng,35.0231,110.9928,71.24,73,0,5.77,CN,clear sky
207,Cuamba,-14.8031,36.5372,71.78,50,3,6.69,MZ,clear sky
208,Port Hedland,-20.3167,118.5667,69.85,88,1,8.05,AU,clear sky
209,Castro,-24.7911,-50.0119,66.74,73,100,5.64,BR,overcast clouds
210,Mogadishu,2.0371,45.3438,78.44,81,79,19.86,SO,broken clouds
211,Eyl,7.9803,49.8164,78.69,80,98,25.48,SO,overcast clouds
212,Wladyslawowo,54.7909,18.4009,65.93,95,100,8.5,PL,overcast clouds
213,Lebork,54.5392,17.7501,65.91,95,90,5.53,PL,light rain
214,Luena,-11.7833,19.9167,65.7,31,7,4.74,AO,clear sky
215,Qom,34.6401,50.8764,83.77,19,0,7.83,IR,clear sky
216,Nikolskoye,59.7035,30.7861,57.09,99,100,3.67,RU,overcast clouds
217,San Patricio,28.017,-97.5169,93.29,42,0,11.86,US,clear sky
218,Esperance,-33.8667,121.9,51.64,67,68,10.58,AU,broken clouds
219,Ushibuka,32.1906,130.0228,74.07,96,100,6.42,JP,light rain
220,Pakxan,18.3778,103.6601,74.43,97,100,2.64,LA,light rain
221,Abeche,13.8292,20.8324,77.68,70,100,12.19,TD,overcast clouds
222,Zavetnoye,47.1194,43.8903,70.05,42,100,7.81,RU,overcast clouds
223,Kushiro,42.975,144.3747,61.57,91,100,7.76,JP,light rain
224,Coihaique,-45.5752,-72.0662,50.61,76,90,9.22,CL,light rain
225,Pangnirtung,66.1451,-65.7125,37.63,41,5,4.65,CA,clear sky
226,Srednekolymsk,67.45,153.6833,27.5,81,100,3.6,RU,overcast clouds
227,Kinablangan,7.6947,126.5503,77.61,82,100,3.38,PH,light rain
228,Pavlovsk,50.4578,40.1081,66.69,64,92,7.36,RU,overcast clouds
229,Kodiak,57.79,-152.4072,51.31,76,1,0.0,US,clear sky
230,Gusau,12.1628,6.6614,77.07,88,97,1.97,NG,heavy intensity rain
231,Igarka,67.4667,86.5833,43.3,93,99,11.14,RU,overcast clouds
232,Minab,27.1467,57.0801,87.3,43,0,1.92,IR,clear sky
233,Pisco,-13.7,-76.2167,64.45,77,20,8.05,PE,few clouds
234,Salinopolis,-0.6136,-47.3561,83.55,68,6,11.7,BR,clear sky
235,Perth,-31.9333,115.8333,50.18,86,0,4.61,AU,clear sky
236,Fairbanks,64.8378,-147.7164,52.14,73,1,0.0,US,haze
237,Mangaratiba,-22.9597,-44.0406,74.26,93,100,4.07,BR,light rain
238,Dingle,10.9995,122.6711,75.94,89,100,3.42,PH,overcast clouds
239,Bambanglipuro,-7.95,110.2833,76.26,88,99,11.65,ID,overcast clouds
240,Korla,41.7597,86.1469,72.48,30,80,6.62,CN,broken clouds
241,Tigil,57.8,158.6667,32.2,83,86,4.27,RU,overcast clouds
242,Narsaq,60.9167,-46.05,52.02,79,100,17.43,GL,moderate rain
243,Hendek,40.7994,30.7481,55.72,85,4,3.78,TR,clear sky
244,Adrar,20.5022,-10.0711,85.71,47,90,30.22,MR,overcast clouds
245,Aswan,24.0934,32.907,86.31,23,4,14.88,EG,clear sky
246,Hovd,48.0056,91.6419,54.73,33,20,3.11,MN,few clouds
247,Lander,42.833,-108.7307,77.11,25,1,18.41,US,clear sky
248,Whitehorse,60.7161,-135.0538,53.02,71,75,6.91,CA,broken clouds
249,Umm Lajj,25.0213,37.2685,83.07,68,1,10.54,SA,clear sky
250,Port Lincoln,-34.7333,135.8667,52.54,57,27,19.95,AU,scattered clouds
251,Nalut,30.3333,10.85,91.27,18,62,13.4,LY,broken clouds
252,Neiafu,-18.65,-173.9833,75.88,94,75,9.22,TO,moderate rain
253,Mitsamiouli,-11.3847,43.2844,76.98,72,0,6.8,KM,clear sky
254,Great Bend,38.3645,-98.7648,102.88,26,1,13.0,US,clear sky
255,Ilulissat,69.2167,-51.1,30.22,40,1,8.05,GL,clear sky
256,Inirida,3.8653,-67.9239,86.9,67,29,3.76,CO,scattered clouds
257,Georgetown,5.4112,100.3354,77.9,91,20,3.44,MY,few clouds
258,Kitob,39.0843,66.8332,68.58,20,0,2.35,UZ,clear sky
259,Cidreira,-30.1811,-50.2056,66.43,65,0,7.34,BR,clear sky
260,Hobyo,5.3505,48.5268,78.19,86,50,28.57,SO,scattered clouds
261,Saldanha,-33.0117,17.9442,59.05,94,100,8.81,ZA,overcast clouds
262,Meulaboh,4.1363,96.1285,76.62,90,75,3.27,ID,broken clouds
263,Pedasi,7.5333,-80.0333,82.15,74,100,11.03,PA,overcast clouds
264,Xai-Xai,-25.0519,33.6442,67.23,75,0,10.11,MZ,clear sky
265,Taltal,-25.4,-70.4833,58.32,78,36,5.35,CL,scattered clouds
266,Gboko,7.3179,8.9951,77.11,84,64,4.81,NG,broken clouds
267,Sobradinho,-12.8333,-39.1,81.41,56,33,8.97,BR,scattered clouds
268,Santa Isabel Do Rio Negro,-0.4139,-65.0192,83.84,69,100,3.02,BR,very heavy rain
269,Tezu,27.9167,96.1667,76.44,79,100,4.32,IN,overcast clouds
270,Tambura,5.6,27.4667,69.44,94,72,4.34,SS,light rain
271,Morgan City,29.6994,-91.2068,88.03,51,1,9.22,US,clear sky
272,Kyzyl-Suu,42.3414,78.0056,53.38,53,1,2.13,KG,clear sky
273,Jalu,29.0331,21.5482,92.25,24,0,6.26,LY,clear sky
274,Chernigovka,44.3389,132.5728,52.21,94,33,8.86,RU,scattered clouds
275,Miri,4.4148,114.0089,78.94,94,40,0.0,MY,scattered clouds
276,Las Cruces,32.3123,-106.7783,95.05,20,1,3.0,US,clear sky
277,Slonim,53.0867,25.3219,61.14,69,100,4.5,BY,overcast clouds
278,Juneau,58.3019,-134.4197,54.84,95,90,1.01,US,moderate rain
279,Mandalgovi,45.7625,106.2708,47.52,79,100,28.66,MN,light rain
280,Gorontalo,0.5412,123.0595,73.78,95,80,2.33,ID,broken clouds
281,Vanimo,-2.6741,141.3028,76.14,91,67,5.99,PG,broken clouds
282,Ashland,40.8167,-82.2665,79.34,48,44,17.74,US,scattered clouds
283,Ryotsu,38.0833,138.4333,70.57,87,1,6.98,JP,clear sky
284,Makurdi,7.7411,8.5121,78.51,83,18,3.71,NG,few clouds
285,Sibiti,-3.6819,13.3499,71.8,82,100,3.71,CG,light rain
286,San Borja,-14.8167,-66.85,94.17,33,32,3.91,BO,scattered clouds
287,Banda Aceh,5.5577,95.3222,79.25,80,100,10.47,ID,moderate rain
288,Hasaki,35.7333,140.8333,72.0,89,98,5.44,JP,overcast clouds
289,Bonavista,48.6499,-53.1147,69.12,67,0,25.99,CA,clear sky
290,Killybegs,54.6333,-8.45,55.11,82,100,8.05,IE,overcast clouds
291,Jipijapa,-1.3333,-80.5833,76.5,60,93,5.53,EC,overcast clouds
292,Gigmoto,13.7796,124.39,81.34,83,100,8.08,PH,light rain
293,Kemijarvi,66.7131,27.4306,39.47,77,100,2.57,FI,overcast clouds
294,Muros,42.7762,-9.0603,73.9,80,41,1.43,ES,scattered clouds
295,Kaitangata,-46.2817,169.8464,43.03,84,100,6.24,NZ,light rain
296,Iskateley,67.6803,53.1512,35.91,93,82,7.92,RU,broken clouds
297,San Cristobal,7.7669,-72.225,80.78,81,100,5.73,VE,overcast clouds
298,Iberia,29.9502,-91.7507,86.97,42,1,10.36,US,clear sky
299,Petatlan,17.5167,-101.2667,85.8,75,100,6.35,MX,overcast clouds
300,General Pico,-35.6566,-63.7568,69.4,52,100,19.24,AR,overcast clouds
301,Huinan,42.6225,126.2614,47.46,93,0,3.67,CN,clear sky
302,Lundazi,-12.2929,33.1782,63.72,56,55,7.02,ZM,broken clouds
303,Kahului,20.8947,-156.47,83.46,66,20,17.27,US,few clouds
304,Katsuura,35.1333,140.3,75.31,91,100,8.41,JP,overcast clouds
305,Tocopilla,-22.092,-70.1979,62.46,69,61,6.49,CL,broken clouds
306,Matamoros,25.5333,-103.25,86.11,29,40,9.22,MX,scattered clouds
307,Hamilton,39.1834,-84.5333,83.19,55,75,1.01,US,broken clouds
308,Ahipara,-35.1667,173.1667,51.49,75,16,3.85,NZ,few clouds
309,Naze,28.3667,129.4833,77.41,84,100,3.04,JP,overcast clouds
310,Manacapuru,-3.2997,-60.6206,91.98,48,76,3.18,BR,broken clouds
311,Bethel,41.3712,-73.414,78.1,58,20,1.99,US,few clouds
312,Aksarka,66.5606,67.7975,39.63,86,100,6.73,RU,overcast clouds
313,Siderno,38.2779,16.302,70.57,93,100,12.41,IT,overcast clouds
314,Ensenada,31.8667,-116.6167,76.95,82,20,8.63,MX,few clouds
315,Nome,64.5011,-165.4064,42.87,87,75,8.05,US,broken clouds
316,Saint George,37.1041,-113.5841,99.07,24,1,1.01,US,clear sky
317,Kimbe,-5.5502,150.1429,73.47,93,100,4.94,PG,overcast clouds
318,Broome,42.2506,-75.833,78.06,59,6,1.01,US,clear sky
319,Dunedin,-45.8742,170.5036,45.81,80,100,17.0,NZ,moderate rain
320,Jackson,42.4165,-122.8345,77.36,58,1,3.0,US,smoke
321,Vardo,70.3705,31.1107,43.16,74,81,12.37,NO,broken clouds
322,Mangrol,21.1167,70.1167,80.71,91,100,11.68,IN,overcast clouds
323,Bloemhof,-27.6469,25.607,65.05,19,0,7.81,ZA,clear sky
324,Madang,-5.2246,145.7966,74.77,92,63,4.27,PG,broken clouds
325,Urumqi,43.801,87.6005,58.15,55,0,2.24,CN,clear sky
326,Huarmey,-10.0681,-78.1522,68.22,74,100,11.43,PE,overcast clouds
327,Chute-Aux-Outardes,49.1168,-68.399,68.31,63,1,20.71,CA,clear sky
328,Codrington,-38.2667,141.9667,45.54,88,99,13.67,AU,overcast clouds
329,Orange Cove,36.6244,-119.3137,93.61,35,1,4.61,US,clear sky
330,Shostka,51.863,33.4698,66.25,52,92,2.71,UA,overcast clouds
331,La Spezia,44.1105,9.8434,75.65,53,6,6.46,IT,clear sky
332,San Quintin,30.4833,-115.95,80.02,66,1,12.53,MX,clear sky
333,Pauini,-7.7136,-66.9764,86.0,60,100,2.3,BR,overcast clouds
334,Souillac,-20.5167,57.5167,71.98,78,40,12.66,MU,scattered clouds
335,Tomatlan,19.9333,-105.25,90.5,58,8,6.96,MX,clear sky
336,Bilma,18.6853,12.9164,98.55,16,89,6.11,NE,overcast clouds
337,Xiongzhou,25.1167,114.3,78.46,82,3,1.45,CN,light rain
338,Ashqelon,31.6693,34.5715,78.93,60,0,8.68,IL,clear sky
339,Qena,26.1615,32.7183,84.58,30,0,18.05,EG,clear sky
340,Alice Springs,-23.7,133.8833,53.15,37,0,5.75,AU,clear sky
341,Vanavara,60.34,102.2797,46.87,64,100,2.89,RU,overcast clouds
342,Aitape,-3.1374,142.3475,76.39,87,46,5.48,PG,scattered clouds
343,Pasighat,28.0667,95.3333,78.4,72,99,3.27,IN,overcast clouds
344,Bull Savanna,17.8868,-77.5902,86.32,58,77,17.11,JM,broken clouds
345,Fairhope,30.523,-87.9033,90.12,50,1,1.99,US,clear sky
346,Fare,-16.7,-151.0167,77.02,73,31,16.73,PF,light rain
347,Matara,5.9485,80.5353,78.15,86,68,9.84,LK,broken clouds
348,Belmonte,-15.8631,-38.8828,82.4,67,0,10.22,BR,clear sky
349,Merauke,-8.4667,140.3333,75.7,92,100,7.58,ID,overcast clouds
350,Guerrero Negro,27.9769,-114.0611,86.13,54,64,6.38,MX,broken clouds
351,College,64.8569,-147.8028,52.12,73,20,0.0,US,haze
352,Cumberland,35.0502,-78.8664,86.49,39,40,8.05,US,scattered clouds
353,Loa Janan,-0.583,117.095,73.36,99,90,1.61,ID,overcast clouds
354,Vestmannaeyjar,63.4427,-20.2734,51.75,81,7,10.87,IS,clear sky
355,Viedma,-40.8135,-62.9967,68.76,41,100,24.58,AR,light rain
356,Novaya Ladoga,60.1025,32.3019,54.43,93,98,6.55,RU,overcast clouds
357,Nemuro,43.3236,145.575,61.59,88,100,9.24,JP,overcast clouds
358,Kralendijk,12.15,-68.2667,87.78,66,40,18.41,BQ,scattered clouds
359,Khani,41.9563,42.9566,60.37,99,100,1.32,GE,overcast clouds
360,Touros,-5.1989,-35.4608,83.3,60,5,17.76,BR,clear sky
361,Mandurah,-32.55,115.7,48.22,80,0,10.51,AU,clear sky
362,Aberdeen,57.1437,-2.0981,58.19,87,90,13.8,GB,overcast clouds
363,Faanui,-16.4833,-151.75,77.43,70,12,15.43,PF,few clouds
364,Champerico,14.3,-91.9167,86.76,83,100,15.32,GT,overcast clouds
365,Nahavand,34.1885,48.377,71.02,17,0,2.42,IR,clear sky
366,Bulancak,40.9372,38.2291,67.82,77,75,4.61,TR,broken clouds
367,Mizan Teferi,6.9833,35.5833,60.89,98,94,3.06,ET,light rain
368,Tralee,52.2704,-9.7026,55.35,83,100,4.43,IE,overcast clouds
369,Gerede,40.8008,32.1969,48.9,90,42,1.54,TR,scattered clouds
370,Zyryanka,65.75,150.85,32.0,69,100,4.45,RU,overcast clouds
371,Maniitsoq,65.4167,-52.9,42.15,46,100,8.21,GL,overcast clouds
372,Arica,-18.475,-70.3042,69.35,77,90,10.36,CL,overcast clouds
373,Laguna,38.421,-121.4238,91.24,42,1,1.99,US,clear sky
374,Akonolinga,3.7667,12.25,68.99,98,100,3.71,CM,overcast clouds
375,Verkhnevilyuysk,63.4453,120.3167,44.64,79,80,4.47,RU,broken clouds
376,Iqaluit,63.7506,-68.5145,40.73,45,90,9.22,CA,overcast clouds
377,Oschatz,51.3,13.1167,65.52,81,9,6.06,DE,clear sky
378,La Ronge,55.1001,-105.2842,55.62,47,40,2.3,CA,scattered clouds
379,Saint-Leu,-21.15,55.2833,68.86,74,7,4.38,RE,clear sky
380,Dosso,13.049,3.1937,89.01,52,1,6.76,NE,light rain
381,Forrest City,35.0081,-90.7898,87.66,30,0,8.25,US,clear sky
382,Pemberton,50.3164,-122.8027,62.29,70,100,3.78,CA,overcast clouds
383,Huanuco,-9.9329,-76.2415,74.34,54,47,7.18,PE,scattered clouds
384,Vila Franca Do Campo,37.7167,-25.4333,70.21,74,96,16.35,PT,overcast clouds
385,Assai,-23.3733,-50.8414,75.06,45,92,1.41,BR,overcast clouds
386,Kurilsk,45.2333,147.8833,56.44,94,100,8.43,RU,overcast clouds
387,Lugo,43.0,-7.5,70.92,73,100,3.47,ES,overcast clouds
388,Ixtapa,20.7,-105.2,88.23,70,1,6.91,MX,clear sky
389,Alappuzha,9.49,76.3264,78.15,84,100,8.12,IN,overcast clouds
390,Hit,33.6416,42.8251,85.48,29,0,10.25,IQ,clear sky
391,Cap Malheureux,-19.9842,57.6142,72.09,76,100,8.01,MU,overcast clouds
392,Sibu,2.3,111.8167,79.11,94,40,1.14,MY,scattered clouds
393,Husavik,66.0449,-17.3389,48.11,94,100,17.25,IS,overcast clouds
394,Mirpur Sakro,24.5474,67.6277,82.62,82,100,15.32,PK,overcast clouds
395,Westport,41.1415,-73.3579,79.2,53,1,1.01,US,clear sky
396,Yulara,-25.2406,130.9889,55.24,30,0,9.22,AU,clear sky
397,Carmen,18.6333,-91.8333,86.04,70,40,8.05,MX,scattered clouds
398,Aken,50.7766,6.0834,64.04,91,25,7.81,DE,scattered clouds
399,Quatre Cocos,-20.2078,57.7625,71.71,78,99,17.72,MU,overcast clouds
400,Camacha,33.0833,-16.3333,75.52,73,40,8.05,PT,scattered clouds
401,Tual,-5.6667,132.75,79.92,82,79,11.52,ID,broken clouds
402,Conceicao Do Araguaia,-8.2578,-49.2647,84.33,58,0,8.05,BR,clear sky
403,Kaeo,-35.1,173.7833,44.33,95,3,3.04,NZ,clear sky
404,Soroti,1.7146,33.6111,67.03,88,82,1.39,UG,light rain
405,Omsukchan,62.5333,155.8,24.84,86,9,4.36,RU,clear sky
406,Alofi,-19.0595,-169.9187,75.09,94,33,8.05,NU,scattered clouds
407,Salcininkai,54.3,25.3833,62.69,72,99,6.08,LT,overcast clouds
408,Burnie,-41.0667,145.9167,43.45,84,94,8.39,AU,light rain
409,Kapuskasing,49.4169,-82.4331,62.69,82,75,14.97,CA,broken clouds
410,Galveston,29.3669,-94.9669,90.18,59,1,4.0,US,clear sky
411,Kavaratti,10.5669,72.642,82.04,81,100,18.57,IN,overcast clouds
412,Xining,36.6167,101.7667,57.97,66,0,2.35,CN,clear sky
413,Isangel,-19.55,169.2667,60.91,82,5,4.61,VU,clear sky
414,Sambava,-14.2667,50.1667,69.22,76,69,14.25,MG,broken clouds
415,Hastings,50.8552,0.5729,64.78,86,100,11.03,GB,overcast clouds
416,Noumea,-22.2763,166.4572,58.98,63,41,9.42,NC,scattered clouds
417,Terney,45.0503,136.6092,60.17,89,84,5.91,RU,broken clouds
418,Sao Felix Do Xingu,-6.6447,-51.995,101.28,19,77,4.56,BR,broken clouds
419,Whithorn,18.2604,-78.0378,88.45,60,100,5.35,JM,overcast clouds
420,Taoudenni,22.6783,-3.9836,105.48,9,1,9.75,ML,clear sky
421,Camopi,3.1655,-52.3158,93.81,32,30,6.29,GF,scattered clouds
422,Romans-Sur-Isere,45.0464,5.0562,71.83,70,0,5.06,FR,clear sky
423,Rosario,-32.9468,-60.6393,74.61,59,0,4.0,AR,clear sky
424,Ronne,55.1009,14.7066,62.51,94,59,3.44,DK,broken clouds
425,Bagdarin,54.4333,113.6,46.81,98,100,1.43,RU,moderate rain
426,Mount Gambier,-37.8333,140.7667,44.51,87,40,14.97,AU,scattered clouds
427,Necochea,-38.5473,-58.7368,59.04,72,100,15.39,AR,overcast clouds
428,Lazaro Cardenas,17.9583,-102.2,85.03,78,99,9.26,MX,overcast clouds
429,Owensboro,37.7742,-87.1133,86.02,48,1,11.5,US,clear sky
430,Awbari,26.5921,12.7805,91.9,15,0,10.25,LY,clear sky
431,Kirakira,-10.4544,161.9205,77.25,87,42,9.6,SB,scattered clouds
432,Beboto,8.2668,16.939,73.22,94,29,2.62,TD,scattered clouds
433,Mahon,39.8885,4.2658,73.96,78,0,2.3,ES,clear sky
434,Namibe,-15.1961,12.1522,67.48,90,100,3.47,AO,overcast clouds
435,Gannan,47.9147,123.5031,46.24,88,1,6.46,CN,clear sky
436,Hammerfest,70.6634,23.6821,41.45,87,100,5.75,NO,overcast clouds
437,Kuching,1.55,110.3333,79.02,94,20,3.44,MY,moderate rain
438,Antofagasta,-23.65,-70.4,58.28,70,100,6.49,CL,overcast clouds
439,Kotaparh,19.15,82.35,71.49,97,100,5.01,IN,light rain
440,Byron Bay,-28.65,153.6167,62.71,82,0,16.22,AU,clear sky
441,Marystown,47.1666,-55.1483,62.94,76,0,26.31,CA,clear sky
442,Aktash,50.3,87.7333,35.31,56,100,4.63,RU,overcast clouds
443,Panaba,21.2833,-88.2667,78.26,82,100,9.37,MX,overcast clouds
444,Kemerovo,55.3333,86.0833,51.49,93,90,11.18,RU,light intensity shower rain
445,Sarangani,5.4033,125.4636,78.4,86,100,8.93,PH,overcast clouds
446,Haderslev,55.2538,9.4898,65.32,94,75,6.91,DK,broken clouds
447,Comodoro Rivadavia,-45.8667,-67.5,55.26,62,0,12.66,AR,clear sky
448,Dondo,-19.6094,34.7431,72.91,75,0,4.88,MZ,clear sky
449,Zhigalovo,54.8097,105.1578,42.17,95,100,1.97,RU,overcast clouds
450,Teya,60.3778,92.6267,49.19,88,100,6.44,RU,overcast clouds
451,La Cumbre,-30.982,-64.4914,72.64,30,90,11.01,AR,overcast clouds
452,Tazovskiy,67.4667,78.7,37.81,88,43,6.73,RU,scattered clouds
453,Mezen,65.8522,44.24,37.78,88,36,7.18,RU,scattered clouds
454,Vryburg,-26.9566,24.7284,65.43,22,0,9.78,ZA,clear sky
455,Shache,38.4167,77.2406,76.5,25,100,12.35,CN,overcast clouds
456,Yarmouth,41.7057,-70.2286,76.12,54,1,8.01,US,clear sky
457,Ucluelet,48.9329,-125.5528,61.05,95,100,6.11,CA,overcast clouds
458,Pokhara,28.2333,83.9833,68.9,89,37,5.61,NP,scattered clouds
459,Aloleng,16.1307,119.7824,80.46,86,100,17.43,PH,heavy intensity rain
460,Umm Kaddadah,13.6017,26.6876,90.97,37,100,9.78,SD,overcast clouds
461,Hambantota,6.1241,81.1185,79.7,80,19,17.36,LK,few clouds
462,Luganville,-15.5333,167.1667,75.65,87,97,12.75,VU,overcast clouds
463,Berlevag,70.8578,29.0864,43.38,75,100,11.5,NO,overcast clouds
464,Ereymentau,51.6199,73.1033,44.29,75,84,9.46,KZ,broken clouds
465,Saint-Georges,12.0564,-61.7485,87.48,66,20,16.11,GD,few clouds
466,Rio De Janeiro,-22.9028,-43.2075,76.32,82,90,8.05,BR,overcast clouds
467,Paracale,14.2804,122.7881,78.13,90,100,6.73,PH,light rain
468,Sirjan,29.452,55.6814,73.78,14,0,12.17,IR,clear sky
469,Kostomuksha,64.571,30.5767,42.8,78,13,4.76,RU,few clouds
470,Chornukhy,50.2673,32.942,66.13,49,66,3.53,UA,broken clouds
471,Honiara,-9.4333,159.95,76.44,86,59,7.29,SB,broken clouds
472,Sayyan,15.1718,44.3244,69.28,34,35,2.59,YE,scattered clouds
473,Praia,14.9215,-23.5087,82.94,78,75,9.22,CV,broken clouds
474,Sept-Iles,50.2001,-66.3821,66.72,55,40,4.0,CA,scattered clouds
475,Phonhong,18.5007,102.4166,76.53,90,84,1.21,LA,light rain
476,Damghan,36.1683,54.348,77.61,37,0,7.96,IR,clear sky
477,Goderich,43.7501,-81.7165,78.03,62,6,24.29,CA,clear sky
478,Kibre Mengist,5.8833,38.9833,63.14,68,100,1.48,ET,overcast clouds
479,Fort Madison,40.6298,-91.3151,86.72,61,22,9.22,US,few clouds
480,Kirishi,59.4471,32.0205,53.83,99,100,4.0,RU,overcast clouds
481,Rocha,-34.4833,-54.3333,61.57,80,91,6.76,UY,overcast clouds
482,Egvekinot,66.3167,-179.1667,26.47,78,100,23.11,RU,overcast clouds
483,Dallas,32.7668,-96.7836,93.81,36,1,1.99,US,clear sky
484,Basco,20.4487,121.9702,80.2,92,100,42.75,PH,heavy intensity rain
485,Lethem,3.3803,-59.7968,89.24,53,40,9.48,GY,scattered clouds
486,Collie,-33.3667,116.15,37.98,97,4,3.58,AU,clear sky
487,Khromtau,50.2503,58.4347,47.17,59,5,10.63,KZ,clear sky
488,Middletown,39.5151,-84.3983,83.08,55,75,18.41,US,broken clouds
489,The Pas,53.8251,-101.2541,51.82,66,75,10.07,CA,broken clouds
490,Djibo,14.1022,-1.6306,93.24,39,100,8.48,BF,overcast clouds
491,Presidencia Roque Saenz Pena,-26.7852,-60.4388,86.43,22,0,11.12,AR,clear sky
492,Margate,51.3813,1.3862,64.9,76,100,1.99,GB,overcast clouds
493,Sabzevar,36.2126,57.6819,72.9,26,0,11.83,IR,clear sky
494,Kvitok,56.0724,98.4813,41.49,88,21,4.25,RU,few clouds
495,Lagoa,39.05,-27.9833,69.06,71,100,21.97,PT,overcast clouds
496,Barra,-11.0894,-43.1417,93.88,27,4,9.22,BR,clear sky
497,Ouallam,14.3188,2.0866,97.02,37,9,2.95,NE,clear sky
498,Askiz,53.1319,90.5264,49.08,66,100,4.63,RU,overcast clouds
499,Vao,-22.6667,167.4833,67.48,61,84,13.89,NC,broken clouds
500,Port Macquarie,-31.4333,152.9167,44.56,93,0,0.0,AU,clear sky
501,Caravelas,-17.7125,-39.2481,78.96,67,0,10.11,BR,clear sky
502,West Athens,33.9234,-118.3034,101.95,56,1,8.05,US,clear sky
503,Longyearbyen,78.2186,15.6401,33.64,69,20,3.44,SJ,few clouds
504,Hakkari,37.5833,44.1667,57.29,35,0,4.21,TR,clear sky
505,Havre-Saint-Pierre,50.2334,-63.5986,62.96,67,20,23.02,CA,few clouds
506,Nanortalik,60.1432,-45.2371,44.19,79,100,25.86,GL,moderate rain
507,Chazuta,-6.5742,-76.1367,90.45,59,34,2.06,PE,scattered clouds
508,Mananjary,-21.2167,48.3333,66.6,88,78,3.53,MG,light rain
509,Karaj,35.8355,51.0103,75.72,25,0,9.22,IR,clear sky
510,Boromo,11.75,-2.9333,83.28,64,100,4.18,BF,overcast clouds
511,Vodnyy,63.5046,53.4095,37.18,97,56,5.19,RU,broken clouds
512,Pozo Colorado,-23.4923,-58.7972,91.08,24,0,7.54,PY,clear sky
513,Aquiraz,-3.9014,-38.3911,84.29,66,7,15.84,BR,clear sky
514,Dubna,56.7333,37.1667,54.97,96,26,5.44,RU,scattered clouds
515,Binzhou,37.3667,118.0167,73.54,89,0,5.48,CN,light rain
516,Muroto,33.2833,134.15,77.07,81,100,5.06,JP,light rain
517,Benghazi,32.1167,20.0667,82.8,64,0,4.14,LY,clear sky
518,Sri Aman,1.2376,111.4621,77.05,88,100,1.14,MY,overcast clouds
519,Makakilo City,21.3469,-158.0858,80.92,63,90,6.91,US,overcast clouds
520,Jardinopolis,-21.0178,-47.7639,87.22,30,40,19.57,BR,scattered clouds
521,Tokur,53.1333,132.9,37.89,97,98,3.87,RU,overcast clouds
522,Kuytun,54.3419,101.5036,38.53,86,10,5.84,RU,clear sky
523,Aginskoye,51.1,114.53,52.32,74,100,0.34,RU,light rain
524,Dalen,52.6992,6.7556,65.93,93,100,4.0,NL,overcast clouds
525,Alta Floresta,-9.8756,-56.0861,84.02,58,40,6.91,BR,scattered clouds
526,Sorong,-0.8833,131.25,79.05,83,100,5.01,ID,overcast clouds
527,Odweyne,9.4092,45.064,78.87,44,100,18.16,SO,light rain
528,Atar,20.5169,-13.0499,84.96,54,97,22.17,MR,overcast clouds
529,Cochabamba,-17.3895,-66.1568,83.95,16,20,4.61,BO,few clouds
530,Santa Maria,-29.6842,-53.8069,69.1,60,0,6.91,BR,clear sky
531,Dutlwe,-23.9833,23.9,63.16,24,0,10.58,BW,clear sky
532,Palauig,15.435,119.9045,79.75,89,100,14.12,PH,light rain
533,Nelson Bay,-32.7167,152.15,61.09,64,0,8.81,AU,clear sky
534,Ambikapur,23.1167,83.2,73.58,91,99,2.75,IN,overcast clouds
535,Ati,13.2154,18.3353,71.2,88,100,13.2,TD,overcast clouds
536,Okato,-39.2,173.8833,45.68,80,12,7.4,NZ,few clouds
537,Torbat-E Jam,35.244,60.6225,66.97,28,0,11.27,IR,clear sky
538,Karratha,-20.7377,116.8463,73.15,37,0,13.69,AU,clear sky
539,Samarai,-10.6167,150.6667,77.88,84,100,14.88,PG,light rain
540,Yen Bai,21.7,104.8667,78.82,80,11,1.61,VN,few clouds
541,Puerto Penasco,31.3167,-113.5333,91.9,66,90,4.0,MX,overcast clouds
542,Betanzos,43.2804,-8.2147,76.33,77,20,0.0,ES,few clouds
543,Jorochito,-18.05,-63.4333,85.73,32,0,12.5,BO,clear sky
544,Utinga,-5.8172,-35.3954,83.25,65,40,16.11,BR,scattered clouds
545,Angul,20.85,85.1,77.76,91,100,2.3,IN,light rain
546,Nantucket,41.2835,-70.0995,76.12,56,1,17.27,US,clear sky
547,Vestmanna,62.1564,-7.1664,49.12,100,90,4.61,FO,drizzle
548,Biltine,14.5333,20.9167,83.39,50,100,7.94,TD,overcast clouds
549,West Bay,19.3667,-81.4167,89.67,66,20,11.5,KY,few clouds
550,Murten,46.9283,7.1172,68.58,72,75,4.61,CH,broken clouds
551,San Buenaventura,27.0833,-101.5333,89.78,32,0,9.86,MX,clear sky
552,Horn Lake,34.9554,-90.0348,87.48,51,1,5.75,US,clear sky
553,Puerto Madryn,-42.7692,-65.0385,60.22,60,100,20.54,AR,overcast clouds
554,San Anselmo,37.9747,-122.5616,89.87,79,1,6.91,US,clear sky
555,Elizabeth City,36.2946,-76.2511,82.02,51,75,4.61,US,broken clouds
556,Hearst,49.6835,-83.6665,62.85,60,20,13.09,CA,few clouds
557,Awjilah,29.1081,21.2869,92.89,23,0,5.99,LY,clear sky
558,Ganserndorf,48.3392,16.7202,70.27,78,13,1.97,AT,few clouds
559,Rupert,42.6191,-113.6772,71.55,53,1,0.0,US,clear sky
560,Carbonia,39.1672,8.5222,74.84,77,24,7.14,IT,few clouds
561,Bani,18.2833,-70.3333,92.64,60,51,17.07,DO,broken clouds
562,Mkushi,-13.6202,29.3939,63.12,42,0,5.79,ZM,clear sky
563,Voh,-20.9667,164.7,64.65,68,21,5.44,NC,few clouds
564,Saint-Francois,46.4154,3.9054,62.04,88,0,0.0,FR,clear sky
565,Skjervoy,70.0311,20.9714,47.1,73,100,5.82,NO,overcast clouds
566,Qui Nhon,13.7667,109.2333,80.91,74,100,19.95,VN,overcast clouds
567,Dalbandin,28.8947,64.4101,81.63,14,0,3.36,PK,clear sky
568,Ganzhou,28.8184,115.4327,76.15,87,0,5.61,CN,light rain
569,Coari,-4.085,-63.1414,82.94,71,100,1.72,BR,overcast clouds
570,Wendo,6.6,38.4167,59.38,89,100,4.0,ET,overcast clouds
571,Tiznit,29.5833,-9.5,82.87,33,0,3.85,MA,clear sky
572,Hauterive,46.0901,3.4459,66.96,75,4,3.13,FR,clear sky
573,Sungaipenuh,-2.0833,101.3833,64.56,95,98,2.26,ID,overcast clouds
574,Angoche,-16.2325,39.9086,74.32,79,65,11.36,MZ,broken clouds
575,Parkes,-33.1333,148.1833,48.63,57,0,13.71,AU,clear sky
576,Cayenne,4.9333,-52.3333,87.84,74,0,7.0,GF,clear sky
577,Bonthe,7.5264,-12.505,78.62,82,100,6.22,SL,overcast clouds
578,Besikduzu,41.052,39.2284,71.49,84,24,6.82,TR,few clouds
579,Jaragua,-15.7569,-49.3344,97.02,12,10,6.15,BR,clear sky
580,Pedernales,18.0384,-71.744,88.14,59,0,9.57,DO,clear sky
581,Mnogovershinnyy,53.9353,139.9242,42.58,88,61,3.96,RU,broken clouds
582,Mao,39.8885,4.2658,73.96,78,0,2.3,ES,clear sky
583,Vallenar,-28.5708,-70.7581,67.8,38,16,14.63,CL,few clouds
584,Santa Marta,11.2408,-74.199,88.34,76,100,5.46,CO,overcast clouds
585,Kattivakkam,13.2167,80.3167,87.89,71,100,9.93,IN,overcast clouds
586,Sao Lourenco Do Sul,-31.3653,-51.9783,64.45,70,91,3.62,BR,overcast clouds
587,Valparaiso,-33.0393,-71.6273,58.64,70,90,21.85,CL,overcast clouds
588,Albury,-36.0833,146.9167,53.65,76,100,9.22,AU,overcast clouds
589,Moose Factory,51.2585,-80.6094,62.6,88,75,13.8,CA,broken clouds
590,Sao Francisco,-15.9486,-44.8644,99.41,9,5,8.48,BR,clear sky
591,Pedro Juan Caballero,-22.5472,-55.7333,82.36,39,0,11.5,PY,clear sky
592,Lannion,48.75,-3.4167,62.85,88,75,3.44,FR,broken clouds
593,Xingyi,24.1877,102.817,58.68,81,0,1.36,CN,clear sky
594,Gorin,51.1983,136.6669,48.85,98,100,8.03,RU,overcast clouds
595,Roma,43.2128,-75.4557,78.94,45,1,11.5,US,clear sky
596,La Serena,-29.9078,-71.2542,58.51,67,75,20.71,CL,broken clouds
597,Namuac,18.6109,121.1657,78.35,87,100,7.29,PH,moderate rain
598,Nizwa,22.9333,57.5333,93.47,32,98,6.08,OM,overcast clouds
599,Maldonado,-34.6667,-54.9167,60.19,81,100,7.94,UY,overcast clouds
600,Fayaoue,-20.65,166.5333,71.04,63,76,19.53,NC,broken clouds
601,Xuddur,4.1213,43.8894,76.35,65,3,23.91,SO,clear sky
602,Meadow Lake,34.8014,-106.5436,93.81,20,13,6.93,US,few clouds
603,Santa Rosalia,27.3167,-112.2833,87.64,55,14,8.21,MX,few clouds
604,Baracoa,20.3467,-74.4958,87.93,64,29,8.77,CU,scattered clouds
605,Puro,12.4841,123.3827,80.53,81,100,4.0,PH,overcast clouds
606,Namie,37.4833,141.0,67.71,98,0,4.97,JP,clear sky
607,Uddevalla,58.3478,11.9424,63.25,94,75,5.39,SE,broken clouds
608,Itaguacu,-19.8019,-40.8556,92.84,27,6,5.66,BR,clear sky
609,Abaete,-19.16,-45.4458,96.37,13,5,7.72,BR,clear sky
610,Manokwari,-0.8667,134.0833,77.65,75,72,2.64,ID,broken clouds
611,Gornopravdinsk,60.05,69.9,42.71,98,100,10.83,RU,light rain
612,Tilichiki,60.4667,166.1,35.38,64,67,21.3,RU,broken clouds
613,Malatya,38.5,38.0,73.45,31,0,17.27,TR,clear sky
614,Hrodna,53.6884,23.8258,60.91,65,82,7.29,BY,broken clouds
615,Ca Mau,9.1769,105.15,77.72,86,100,9.75,VN,overcast clouds
616,Tacuati,-23.45,-56.5833,93.02,27,0,3.83,PY,clear sky
617,Hammond,41.5834,-87.5,87.35,59,1,5.99,US,clear sky
618,Nizhneudinsk,54.9076,99.0276,41.68,89,11,3.83,RU,few clouds
619,Yertsevo,60.7966,40.086,46.83,84,93,2.48,RU,overcast clouds
620,Dwarka,22.2394,68.9678,81.12,88,100,11.7,IN,overcast clouds
621,Jiazi,22.8779,116.067,83.59,78,100,9.15,CN,light rain
622,Ijui,-28.3878,-53.9147,75.22,48,0,1.57,BR,clear sky
623,Morant Bay,17.8815,-76.4093,91.62,66,97,12.03,JM,overcast clouds
624,Prabumulih,-3.45,104.25,74.39,87,100,2.46,ID,overcast clouds
625,Tieling,42.2931,123.8414,53.62,75,5,3.49,CN,light rain
626,Ternate,0.8,127.4,77.63,85,100,3.53,ID,overcast clouds
627,Bud,39.447,-86.1758,84.83,61,6,15.7,US,clear sky
628,Palana,59.1167,159.9667,36.86,74,47,9.51,RU,scattered clouds
629,Biak,-0.9131,122.8766,75.2,87,99,0.58,ID,overcast clouds
630,Bergen,60.392,5.328,63.09,97,75,4.61,NO,light rain
631,Eureka,40.8021,-124.1637,70.2,75,2,5.99,US,clear sky
632,Baruun-Urt,46.6806,113.2792,53.46,61,96,9.17,MN,overcast clouds
633,Dossor,47.5272,52.9811,58.71,28,0,11.07,KZ,clear sky
634,Boulsa,12.6675,-0.5758,86.29,56,74,5.73,BF,broken clouds
635,Khasan,42.4308,130.6434,60.33,64,0,18.45,RU,clear sky
636,Mende,44.6667,3.5,52.11,78,17,3.31,FR,few clouds
637,Sahuaripa,29.05,-109.2333,94.46,24,2,2.24,MX,clear sky
638,Rio Gallegos,-51.6226,-69.2181,50.05,34,0,17.27,AR,clear sky
639,Turukhansk,65.8167,87.9833,46.53,81,92,12.03,RU,overcast clouds
640,Shasta Lake,40.6804,-122.3708,89.35,35,0,1.99,US,clear sky
641,Manzhouli,49.6,117.4333,50.34,91,100,3.89,CN,light rain
642,Mafinga,-7.25,35.0667,71.89,37,8,8.75,TZ,clear sky
643,Dera Bugti,29.0307,69.151,88.02,47,12,9.84,PK,few clouds
644,Oga,46.4631,10.347,59.68,82,97,0.92,IT,overcast clouds
645,Yerbogachen,61.2767,108.0108,42.55,77,100,0.74,RU,overcast clouds
646,Tombouctou,20.0,-3.0,100.2,15,7,8.75,ML,clear sky
647,Waipawa,-41.4122,175.5153,50.04,87,55,6.2,NZ,broken clouds
648,Pundaguitan,6.3711,126.1689,80.11,76,100,2.89,PH,light rain
649,Dongli,23.5656,116.8194,82.38,83,0,2.24,CN,light rain
650,Kailua,21.4022,-157.7394,82.38,71,40,5.75,US,scattered clouds
651,Makokou,0.5738,12.8642,71.13,98,100,2.91,GA,light rain
652,Valer,60.6785,11.8331,61.9,99,100,2.57,NO,heavy intensity rain
653,Bensonville,6.4461,-10.6125,76.71,89,100,5.01,LR,overcast clouds
654,Adamas,36.7333,24.4333,71.02,57,8,3.4,GR,clear sky
655,Gabi,7.6215,126.092,73.49,95,100,1.83,PH,overcast clouds
656,Nador,35.174,-2.9287,75.27,78,0,0.0,MA,clear sky
657,Krasnoarmeyskoye,52.7182,50.0322,49.66,62,0,2.48,RU,clear sky
658,Chulman,56.8479,124.9104,42.69,89,0,2.53,RU,clear sky
659,Sao Jose Da Coroa Grande,-8.8978,-35.1478,79.34,68,9,8.59,BR,clear sky
660,Plettenberg Bay,-34.0527,23.3716,60.03,85,100,1.52,ZA,overcast clouds
661,Karlstad,59.3793,13.5036,59.56,100,90,3.44,SE,fog
662,Kizema,61.113,44.8302,42.91,90,20,6.11,RU,moderate rain
